Herd,Est,Year,Month,Lambs,Status,Area,Subspec,MonthNum,YearMonth,Timeline,PrePart_Precip,Recovery_Precip,PostPart_Precip,PrePart_Temp,Recovery_Temp,PostPart_Temp,PrevLamb_Precip,PrevLamb_Temp
PEC,353,2000,7,35,Pre,705.4849405680096,Rocky,07,200007,6,257.031619480678,87.12435013907296,318.82690811157227,2.078074722062974,4.32403443257014,11.737296104431152,337.7970450265067,10.39533519744873
PEC,350,2001,7,12,Pre,705.4849405680096,Rocky,07,200107,6,204.69339098249162,293.9029583249773,231.80375943865096,1.305372845558893,1.7026595501672654,11.63890843164353,318.82690811157227,11.737296104431152
PEC,325,2002,8,60,Pre,705.4849405680096,Rocky,08,200208,6,45.40936156681606,171.4256594521659,213.11744580950057,1.6273816426595051,3.717931236539568,12.275807607741584,231.80375943865096,11.63890843164353
PEC,350,2003,7,41,Pre,705.4849405680096,Rocky,07,200307,6,180.37413624354772,320.2307815551758,211.3401873452323,0.7069067059173471,2.013959532692319,11.770935421898251,213.11744580950057,12.275807607741584
PEC,350,2004,7,30,Pre,705.4849405680096,Rocky,07,200407,6,311.059465592461,155.7205810546875,233.38013403756278,1.9165059529976654,3.3510654880886985,10.814061391921271,211.3401873452323,11.770935421898251
PEC,350,2005,7,26,Pre,705.4849405680096,Rocky,07,200507,6,293.5028168814523,263.6049156188965,198.33336312430245,0.4033036735795793,1.8830494823909942,11.408564976283483,233.38013403756278,10.814061391921271
PEC,350,2006,7,57,Pre,705.4849405680096,Rocky,07,200607,6,161.5822309766497,248.5876181466239,452.809572492327,2.176025492804391,3.998771451768421,11.786971455528622,198.33336312430245,11.408564976283483
PEC,275,2007,7,17,Pre,705.4849405680096,Rocky,07,200707,6,246.24234444754464,164.5335568019322,275.0336924961635,1.2663233500151407,2.4756338596343994,11.947555451166062,452.809572492327,11.786971455528622
PEC,210,2008,7,30,Pre,705.4849405680096,Rocky,07,200807,6,189.1749529157366,146.05160931178503,274.2761710030692,0.5670083438356718,4.823077090439343,11.749110812232608,275.0336924961635,11.947555451166062
PEC,130,2009,7,46,Pre,705.4849405680096,Rocky,07,200907,6,225.0183563232422,199.7544904436384,183.83373750959123,1.4836829801400502,3.8858663991448426,11.45319666181292,274.2761710030692,11.749110812232608
PEC,125,2010,7,35,Pre,705.4849405680096,Rocky,07,201007,6,256.17456190926686,294.5957954951695,325.1242077691214,0.5809731994356427,2.9814644420430776,12.501735323951358,183.83373750959123,11.45319666181292
PEC,128,2011,9,39,Pre,705.4849405680096,Rocky,09,201109,6,170.09273638044084,143.6991307394845,240.88691473007202,1.6918518050085931,4.042681603204636,13.538802101498558,325.1242077691214,12.501735323951358
PEC,158,2012,NA,NA,NA,705.4849405680096,Rocky,July/Sept,2012July/Sept,6,169.65698187691825,251.10470526559013,216.68923350742884,3.064215218737012,3.2802747317722867,13.473736490522112,240.88691473007202,13.538802101498558
PEC,200,2013,9,75,Pre,705.4849405680096,Rocky,09,201309,6,127.6966495513916,103.95038182394845,253.25920731680733,1.5616056706224168,4.9932241808800475,12.229815891810826,216.68923350742884,13.473736490522112
PEC,248,2014,7,NA,NA,705.4849405680096,Rocky,07,201407,6,271.09696415492465,412.9136167253767,254.4318049294608,0.31671572512104396,2.7960149333590554,11.636309896196638,253.25920731680733,12.229815891810826
PEC,275,2015,9,41,Pre,705.4849405680096,Rocky,09,201509,6,290.914739881243,252.78743961879186,334.1721730913435,1.2297004911871183,4.19303928670429,11.888205210367838,254.4318049294608,11.636309896196638
PEC,375,2016,7,40,Pre,705.4849405680096,Rocky,07,201607,6,164.91222286224365,290.8962425504412,258.97511454990934,0.8160064855501765,4.303645974113827,12.801782744271415,334.1721730913435,11.888205210367838
PEC,375,2017,7,38,Pre,705.4849405680096,Rocky,07,201707,6,297.88565608433316,165.45713887895857,311.4090461730957,2.618265367689587,5.369264096021652,12.789325941176642,258.97511454990934,12.801782744271415
PEC,375,2018,7,43,Pre,705.4849405680096,Rocky,07,201807,6,72.65971946716309,214.7631721496582,318.1917225973947,3.4075072152273993,5.841958454677037,13.672541027977353,311.4090461730957,12.789325941176642
PEC,335,2019,7,23,Pre,705.4849405680096,Rocky,07,201907,6,298.22315870012557,265.3119348798479,181.86834607805525,0.8626439315932137,3.446194501150222,12.647347631908598,318.1917225973947,13.672541027977353
PEC,365,2021,7,28,Pre,705.4849405680096,Rocky,07,202107,6,208.41170474461146,141.82036318097795,302.01372146606445,2.2250141416277205,5.366661501782281,12.448349135262626,142.0791895730155,13.689528964814686
PEC,400,2022,7,37,Pre,705.4849405680096,Rocky,07,202207,6,148.12112924030848,113.71133804321289,388.6437770298549,2.606902213323684,5.998328770909991,12.475698244004022,302.01372146606445,12.448349135262626
WH,180,2000,9,71,Pre,419.9224446317383,Rocky,09,200009,6,220.3847255706787,106.15020198822022,216.50420532226562,1.6161745309829711,4.016816711425781,11.686651802062988,245.40558624267578,10.206138801574706
WH,200,2001,9,NA,NA,419.9224446317383,Rocky,09,200109,6,238.60808258056642,180.13041191101075,193.85928955078126,0.8346192441880703,1.6712066491444906,11.315340932210287,216.50420532226562,11.686651802062988
WH,225,2002,9,70,Pre,419.9224446317383,Rocky,09,200209,6,54.810249304771425,103.54949378967285,171.65651473999023,1.5331857681274415,3.6104403654734294,12.321467018127441,193.85928955078126,11.315340932210287
WH,250,2003,9,NA,NA,419.9224446317383,Rocky,09,200309,6,204.05401115417482,263.2443389892578,158.76979598999023,0.27050070861975356,2.0973089138666787,11.64456221262614,171.65651473999023,12.321467018127441
WH,300,2004,7,56,Pre,419.9224446317383,Rocky,07,200407,6,222.86194400787355,171.36492538452148,212.4581428527832,1.5953563923637073,3.285022274653117,10.461381530761718,158.76979598999023,11.64456221262614
WH,300,2005,7,41,Pre,419.9224446317383,Rocky,07,200507,6,271.2378234863281,211.03096389770508,184.13124313354493,0.025339716672897337,1.8568402846654257,11.19978370666504,212.4581428527832,10.461381530761718
WH,335,2006,7,57,Pre,419.9224446317383,Rocky,07,200607,6,217.48212051391602,213.3484001159668,261.73583908081054,1.6384822527567546,3.7229525049527488,11.502056503295899,184.13124313354493,11.19978370666504
WH,275,2008,7,31,Pre,419.9224446317383,Rocky,07,200807,6,154.55372619628906,150.12901649475097,230.90065879821776,-0.26789191365242004,4.34399279927214,11.254877853393555,286.80199737548827,11.63146743774414
WH,235,2009,7,53,Pre,419.9224446317383,Rocky,07,200907,6,176.40252685546875,139.94266815185546,158.2428684234619,1.0014854947725933,3.520946951707204,11.049841117858886,230.90065879821776,11.254877853393555
WH,250,2010,7,38,Pre,419.9224446317383,Rocky,07,201007,6,231.50714225769042,271.18784255981444,210.36348552703856,-0.12046635150909424,2.505711721008023,12.090034548441569,158.2428684234619,11.049841117858886
WH,300,2011,7,48,Pre,419.9224446317383,Rocky,07,201107,6,198.00657958984374,172.13899192810058,119.48843703269958,-5.60110807418827e-4,3.3060297489166257,12.935788790384928,210.36348552703856,12.090034548441569
WH,275,2012,7,42,Pre,419.9224446317383,Rocky,07,201207,6,172.2674545288086,290.6447410583496,144.6960418701172,1.78961238861084,2.5772289911905926,12.941455968221028,119.48843703269958,12.935788790384928
WH,275,2013,7,53,Pre,419.9224446317383,Rocky,07,201307,6,82.90368366241455,119.77359199523926,202.77934169769287,0.10324237595001856,4.0287013232707976,11.640715789794921,144.6960418701172,12.941455968221028
WH,275,2014,7,32,Pre,419.9224446317383,Rocky,07,201407,6,256.6940116882324,327.1871566772461,232.19809684753417,-0.8925310214360556,1.8941233972708384,10.87480017344157,202.77934169769287,11.640715789794921
WH,238,2015,7,NA,NA,419.9224446317383,Rocky,07,201507,6,312.0764274597168,176.40036315917968,218.37413177490234,-0.063596976796786,3.4184194087982176,11.206099319458007,232.19809684753417,10.87480017344157
WH,252,2016,7,51,Pre,419.9224446317383,Rocky,07,201607,6,196.60451107025148,222.65272254943847,203.58330192565919,-0.37726879517237344,3.492262538274129,11.721676699320476,218.37413177490234,11.206099319458007
WH,252,2017,8,39,Pre,419.9224446317383,Rocky,08,201708,6,279.59225006103514,152.6859302520752,284.46939640045167,1.032452121997873,4.452308500806491,12.087956364949545,203.58330192565919,11.721676699320476
WH,252,2018,7,41,Pre,419.9224446317383,Rocky,07,201807,6,97.32023773193359,192.01664543151855,178.77661190032958,1.8954278906186421,4.639607548713684,13.097953097025554,284.46939640045167,12.087956364949545
WH,282,2019,7,15,Pre,419.9224446317383,Rocky,07,201907,6,357.0794311523438,196.89720993041993,153.95180625915526,-0.5676878040656448,2.7622852007548016,11.849161720275879,178.77661190032958,13.097953097025554
WH,252,2022,7,14,Post,419.9224446317383,Rocky,07,202207,6,200.21300926208497,129.09503059387208,345.9222244262695,1.366868249575297,5.106724460919698,11.716074816385905,257.8448226928711,11.85142453511556
SFR,50,2000,10,67,Pre,1789.406611911474,Rocky,10,200010,5,45.15767269692151,205.37159286211391,79.88567142486572,10.270217831929525,18.946108293533324,22.562304751078287,144.41316668312066,19.96742639541626
SFR,65,2001,11,50,Pre,1789.406611911474,Rocky,11,200111,5,78.55535306930543,251.1843798160553,135.93095717430114,8.759167738755544,19.20405427614848,21.306684446334838,79.88567142486572,22.562304751078287
SFR,75,2002,10,56,Pre,1789.406611911474,Rocky,10,200210,5,22.644564044475555,111.69910356998443,92.2342769062394,9.896260325113932,19.485471137364705,22.091466744740803,135.93095717430114,21.306684446334838
SFR,85,2003,10,50,Pre,1789.406611911474,Rocky,10,200310,5,108.05550518035889,198.87835769653321,53.98025171756744,8.509362816810608,18.730217027664185,21.847801065444948,92.2342769062394,22.091466744740803
SFR,105,2004,10,23,Pre,1789.406611911474,Rocky,10,200410,5,135.61001272201537,117.6948221206665,45.27841593623161,8.97582388917605,20.425991916656493,20.42428644498189,53.98025171756744,21.847801065444948
SFR,115,2005,10,32,Pre,1789.406611911474,Rocky,10,200510,5,168.26328468322754,167.41750965118408,58.55724422931671,8.560827112197876,17.545843092600506,21.131978940963744,45.27841593623161,20.42428644498189
SFR,75,2006,10,20,Pre,1789.406611911474,Rocky,10,200610,5,42.64831783771515,165.84942817687988,171.22862675189972,9.940415040651958,19.150291538238527,21.71337455113729,58.55724422931671,21.131978940963744
SFR,75,2007,6,55,Pre,1789.406611911474,Rocky,06,200706,5,81.61449918746948,286.37843227386475,147.59514691829682,9.581270170211791,17.46964694658915,20.864936749140423,171.22862675189972,21.71337455113729
SFR,80,2008,10,29,Pre,1789.406611911474,Rocky,10,200810,5,31.598725570797978,137.38706860542297,156.94428384304047,8.91319706439972,19.262112188339234,20.006246296564736,147.59514691829682,20.864936749140423
SFR,80,2009,10,36,Pre,1789.406611911474,Rocky,10,200910,5,32.32942960262299,161.1730760574341,121.31770248413086,9.5191732724507645,18.513286765416463,20.76584466298421,156.94428384304047,20.006246296564736
SFR,58,2010,10,12,Pre,1789.406611911474,Rocky,10,201010,5,82.87057144641877,121.30522308349609,130.23474768400192,7.9874895493189495,18.274739901224773,20.119311825434366,121.31770248413086,20.76584466298421
SFR,35,2011,12,33,Pre,1789.406611911474,Rocky,12,201112,5,17.418955540657045,110.4174655675888,86.63724451725139,9.418127091725667,19.18517020543416,21.10436201095581,130.23474768400192,20.119311825434366
SFR,25,2012,10,NA,NA,1789.406611911474,Rocky,10,201210,5,22.00573226213455,157.2519744873047,96.53549000322819,9.82098716100057,19.711871576309203,21.95024126370748,86.63724451725139,21.10436201095581
SFR,30,2013,10,100,Pre,1789.406611911474,Rocky,10,201310,5,39.43093466758728,95.94778137207031,175.7421261906624,8.9644047578175865,19.76054105758667,21.48874643643697,96.53549000322819,21.95024126370748
SFR,82,2014,10,55,Pre,1789.406611911474,Rocky,10,201410,5,32.75412277281284,190.63663576841356,96.30547486348078,10.195721737543742,18.30046804745992,21.27455368041992,175.7421261906624,21.48874643643697
SFR,62,2015,10,19,Pre,1789.406611911474,Rocky,10,201510,5,47.75387213230133,222.8782509803772,163.39161643981933,10.762636852264404,19.185604731241863,20.35612700780233,96.30547486348078,21.27455368041992
SFR,72,2016,10,26,Pre,1789.406611911474,Rocky,10,201610,5,29.675808143615722,215.84537410736084,84.60424361228942,10.333480517069498,19.943986177444458,21.159548075993854,163.39161643981933,20.35612700780233
SFR,60,2019,12,NA,NA,1789.406611911474,Rocky,12,201912,5,94.85568299293519,166.35383167266846,80.80610533356666,8.690779864788055,19.094361448287962,19.75794048309326,100.7615574836731,21.942597262064616
SFR,60,2021,10,44,Pre,1789.406611911474,Rocky,10,202110,5,36.33256617188454,45.361794567108156,139.5464538216591,9.439958055814108,20.750961144765217,21.74448731740316,56.79209595322609,22.21036631266276
TC,40,2000,10,33,Pre,2156.821552294002,Rocky,10,200010,5,31.780199229717255,161.76047609707203,120.70212717742834,9.582391993204753,18.140888738632203,21.64498945871989,150.35787304639817,19.41357358296712
TC,35,2001,11,29,Pre,2156.821552294002,Rocky,11,200111,5,55.60953722000122,183.29029811769723,144.3053918361664,8.237899470329285,18.690549198786417,20.90436585744222,120.70212717742834,21.64498945871989
TC,45,2002,10,36,Pre,2156.821552294002,Rocky,10,200210,5,21.52548085935414,124.97987847328186,69.59361594308866,9.127045822143554,18.96430686314901,21.416147994995118,144.3053918361664,20.90436585744222
TC,45,2003,10,23,Pre,2156.821552294002,Rocky,10,200310,5,76.18878884315491,181.38887996673583,61.76908509656205,8.151974980036417,18.40358683268229,21.4825270652771,69.59361594308866,21.416147994995118
TC,45,2004,10,40,Pre,2156.821552294002,Rocky,10,200410,5,141.5473731994629,76.77672303318977,102.73642556667328,8.427003105481466,20.279171880086263,20.435874366760252,61.76908509656205,21.4825270652771
TC,48,2005,10,50,Pre,2156.821552294002,Rocky,10,200510,5,150.36312155723573,175.79965267181396,64.60379476547241,8.265770634015402,17.513088989257813,21.132266489664715,102.73642556667328,20.435874366760252
TC,80,2006,10,23,Pre,2156.821552294002,Rocky,10,200610,5,19.014589393138884,134.0352250099182,185.20456937551498,9.510098012288411,19.096161397298175,21.57136303583781,64.60379476547241,21.132266489664715
TC,70,2007,11,21,Pre,2156.821552294002,Rocky,11,200711,5,74.15971584320069,273.99742164611814,126.30420240163804,9.056522138913472,17.25001022020976,20.560629161198936,185.20456937551498,21.57136303583781
TC,70,2008,10,20,Pre,2156.821552294002,Rocky,10,200810,5,17.749084646999837,138.96888521909713,199.70701220035554,8.340661907196045,19.254506731033324,20.05938647588094,126.30420240163804,20.560629161198936
TC,60,2009,10,50,Pre,2156.821552294002,Rocky,10,200910,5,19.324475011229516,162.03335556983947,111.35940480232239,8.908065541585287,18.073868830998737,21.110835297902426,199.70701220035554,20.05938647588094
TC,40,2010,10,67,Pre,2156.821552294002,Rocky,10,201010,5,86.12743320465088,138.3151512145996,183.32320297956466,7.460817972819011,18.386439243952434,20.024361753463744,111.35940480232239,21.110835297902426
TC,22,2012,10,67,Pre,2156.821552294002,Rocky,10,201210,5,26.720214700698854,144.82945804595948,85.33418132506776,8.874674979845683,19.611657857894897,21.198811022440594,85.2132183746522,20.40707721710205
TC,22,2013,11,17,Pre,2156.821552294002,Rocky,11,201311,5,21.53596647977829,77.64495327472687,175.47345580600668,8.743257315953572,19.2305335521698,21.318031597137452,85.33418132506776,21.198811022440594
TC,32,2018,9,33,Pre,2156.821552294002,Rocky,09,201809,5,82.20118923187256,90.96785002946854,145.0081090927124,10.247342777252197,19.104798952738445,21.714426898956297,135.930231153965,20.69369559288025
DC,34,2007,8,8,Pre,1432.808242857361,Rocky,08,200708,5,58.55523470469883,215.0911214011056,208.3048926762172,5.684858462640217,16.614537148248584,19.62411846433367,198.145204271589,21.761898949032737
DC,52,2008,12,35,Pre,1432.808242857361,Rocky,12,200812,5,24.484260303633555,66.04428043535778,112.73100294385638,5.716997231755938,19.399899437313987,20.751292750948952,208.3048926762172,19.62411846433367
DC,75,2009,12,57,Pre,1432.808242857361,Rocky,12,200912,5,60.80743074417114,181.47058149746485,198.19680527278356,7.644252992811657,17.751595497131348,20.600760142008465,112.73100294385638,20.751292750948952
DC,65,2010,11,66,Pre,1432.808242857361,Rocky,11,201011,5,126.41541739872524,132.72505651201521,201.03592750004358,5.487646064588001,16.43294942946661,20.800959814162482,198.19680527278356,20.600760142008465
DC,90,2011,11,78,Pre,1432.808242857361,Rocky,11,201111,5,20.391905392919266,175.33245607784815,104.03837490081787,6.505906454775305,19.3595545178368,21.81844527380807,201.03592750004358,20.800959814162482
DC,110,2012,11,46,Pre,1432.808242857361,Rocky,11,201211,5,70.10872289112636,91.76709195545742,86.28702940259662,8.550499689011346,19.083507106417702,22.525811513264973,104.03837490081787,21.81844527380807
DC,118,2013,11,39,Pre,1432.808242857361,Rocky,11,201311,5,17.773958938462393,93.20228610719953,149.03287029266357,5.232380265281314,18.16526785350981,21.31548715773083,86.28702940259662,22.525811513264973
DC,118,2014,12,46,Pre,1432.808242857361,Rocky,12,201412,5,26.13435937677111,182.61001004491533,230.94886616298132,6.0491772549492975,18.440247195107595,20.80184997831072,149.03287029266357,21.31548715773083
DC,122,2015,11,57,Pre,1432.808242857361,Rocky,11,201511,5,56.816763401031494,121.65630204336983,297.84931809561596,7.426722952297755,18.823725972856796,20.179794061751593,230.94886616298132,20.80184997831072
DC,155,2016,11,52,Pre,1432.808242857361,Rocky,11,201611,5,71.77256066458565,157.68738419669015,189.77434458051408,8.01494634719122,19.87158979688372,20.77528124763852,297.84931809561596,20.179794061751593
DC,180,2017,11,50,Pre,1432.808242857361,Rocky,11,201711,5,126.02566276277814,157.26049990313393,342.91624804905484,9.266918295905704,19.147869859422954,20.192439851306734,189.77434458051408,20.77528124763852
DC,180,2018,12,50,Pre,1432.808242857361,Rocky,12,201812,5,22.06941567999976,203.85093351772852,165.70913982391357,6.510894636313121,17.44195420401437,22.360078085036506,342.91624804905484,20.192439851306734
DC,160,2019,11,37,Pre,1432.808242857361,Rocky,11,201911,5,66.00424746104649,188.31704371316093,171.3131786073957,5.667604395321437,17.82330692382086,19.487708659399125,165.70913982391357,22.360078085036506
DC,160,2020,11,40,Pre,1432.808242857361,Rocky,11,202011,5,23.249888283865793,101.42067800249372,116.78794329507011,6.662056248812449,18.5888162567502,22.17863300868443,171.3131786073957,19.487708659399125
DC,165,2021,12,32,Pre,1432.808242857361,Rocky,12,202112,5,43.1985182762146,101.027357510158,193.9726264136178,4.578962859653291,17.884301458086284,20.554376942770823,116.78794329507011,22.17863300868443
DC,165,2022,11,38,Pre,1432.808242857361,Rocky,11,202211,5,22.081960431167058,72.4399859564645,169.14382089887346,5.379953128950937,19.60032964888073,21.66602121080671,193.9726264136178,20.554376942770823
RGG,23,2006,9,25,Pre,608.4536532228601,Rocky,09,200609,5,34.54526831422533,154.74094554356165,96.69759518759591,4.012756143297468,14.441489219665527,17.570004554021928,72.32306044442313,16.38257526216053
RGG,25,2007,8,42,Pre,608.4536532228601,Rocky,08,200708,5,49.79083701542446,169.9348931993757,113.03546115330288,3.726425733949457,13.388768513997396,16.426169985816593,96.69759518759591,17.570004554021928
RGG,58,2008,6,64,Pre,608.4536532228601,Rocky,06,200806,5,50.58757414136614,97.03636728014264,100.38857909611293,2.39013678190254,15.565197218032111,16.080329622541154,113.03546115330288,16.426169985816593
RGG,88,2009,11,48,Pre,608.4536532228601,Rocky,11,200911,5,49.23391771316528,105.92868287222726,124.32315717424665,3.677977191550391,14.4723109744844,16.43390046982538,100.38857909611293,16.080329622541154
RGG,116,2010,11,50,Pre,608.4536532228601,Rocky,11,201011,5,71.30224445887974,100.29486165727887,73.2198235648019,2.1467945689246766,13.368332227071127,16.45945948646182,124.32315717424665,16.43390046982538
RGG,138,2011,11,64,Pre,608.4536532228601,Rocky,11,201111,5,31.05557361670903,90.73560346875873,45.941646084388985,3.13112879934765,15.232525098891486,16.993450936816988,73.2198235648019,16.45945948646182
RGG,160,2012,11,75,Pre,608.4536532228601,Rocky,11,201211,5,41.776689120701384,121.82873889378139,50.28113899912153,4.269843353047258,15.100656236921038,17.83125791095552,45.941646084388985,16.993450936816988
RGG,190,2013,11,70,Pre,608.4536532228601,Rocky,11,201311,5,34.921362604413716,76.6974744115557,77.54837117876325,2.6557584575244357,15.157829511733283,17.053984778267996,50.28113899912153,17.83125791095552
RGG,240,2014,11,27,Pre,608.4536532228601,Rocky,11,201411,5,44.36638804844448,177.41803414481026,99.86523791721889,3.680961625916617,14.236331780751547,16.11012803940546,77.54837117876325,17.053984778267996
RGG,278,2015,11,69,Pre,608.4536532228601,Rocky,11,201511,5,82.65986347198486,90.89804717472622,176.18154171534948,4.558792780375197,15.344496091206869,15.866496721903482,99.86523791721889,16.11012803940546
RGG,335,2016,11,73,Pre,608.4536532228601,Rocky,11,201611,5,67.68486637728554,101.70569719587054,73.14141723087856,3.8713695605595904,15.733354205176944,16.878911563328334,176.18154171534948,15.866496721903482
RGG,378,2017,11,35,Pre,608.4536532228601,Rocky,11,201711,5,73.21544565473285,103.77278770719256,78.79615538460868,5.205850919087728,14.648971739269438,16.547892842973983,73.14141723087856,16.878911563328334
RGG,398,2018,11,30,Pre,608.4536532228601,Rocky,11,201811,5,29.086611339024135,141.1268858228411,49.8597925731114,4.7233273188273115,14.419343040103005,18.83028707050142,78.79615538460868,16.547892842973983
RGG,398,2019,12,54,Pre,608.4536532228601,Rocky,12,201912,5,81.04595293317523,99.79778589521136,89.70949854169574,3.0967285689853488,15.472764196850004,15.38595621926444,49.8597925731114,18.83028707050142
RGG,305,2021,12,16,Post,608.4536532228601,Rocky,12,202112,5,31.365998532090867,55.195367676871165,118.99574552263532,3.4681837568170435,15.639572552272252,17.944850331261044,50.034414870398386,17.82249219076974
RGG,250,2022,10,11,Post,608.4536532228601,Rocky,10,202210,5,46.06433892250061,41.151095799037385,152.73227955613817,2.474721846126375,15.483693667820521,18.150564511617024,118.99574552263532,17.944850331261044
MZ,30,2000,12,58,Pre,293.68380741208733,Rocky,12,200012,5,59.91494554281235,156.84356212615967,109.11414190381765,9.029965877532959,17.964044968287148,22.084660212198894,115.95883750915527,20.12172532081604
MZ,40,2001,5,NA,NA,293.68380741208733,Rocky,05,200105,5,54.59724998474121,139.18249344825745,70.39733839035034,8.123099366823832,18.716763893763225,21.923107465108234,109.11414190381765,22.084660212198894
MZ,35,2002,6,NA,NA,293.68380741208733,Rocky,06,200206,5,12.69769649009686,67.84074831008911,94.89186716079712,8.347147266070047,18.921693881352745,21.810239791870117,70.39733839035034,21.923107465108234
MZ,25,2007,2,60,Pre,293.68380741208733,Rocky,02,200702,5,53.350138425827026,250.1445598602295,110.0642454624176,8.12215413649877,16.815111796061196,20.93348217010498,152.1164631396532,22.37280797958374
MZ,22,2009,5,20,Pre,293.68380741208733,Rocky,05,200905,5,29.73809787631035,153.88441276550293,135.1839256286621,8.532084981600445,18.279539982477825,21.532763322194416,142.32376945018768,20.718950748443604
MZ,30,2010,8,NA,NA,293.68380741208733,Rocky,08,201008,5,99.93375277519226,135.80159187316895,128.40257370471954,6.75203682978948,17.94141125679016,20.93300453821818,135.1839256286621,21.532763322194416
MZ,56,2012,10,33,Pre,293.68380741208733,Rocky,10,201210,5,30.857356190681458,110.27360773086548,68.78590369224548,8.570650776227316,19.13424507776896,22.050076166788735,40.8183643440716,21.35323214530945
MZ,50,2013,11,45,Pre,293.68380741208733,Rocky,11,201311,5,13.607314229011536,72.30746720731258,114.48101657629013,7.45825986067454,19.2642871538798,21.59078868230184,68.78590369224548,22.050076166788735
MZ,56,2014,6,62,Pre,293.68380741208733,Rocky,06,201406,5,29.016949355602264,160.28216361999512,126.68850123882294,8.665622194608051,17.839603821436565,21.151928345362343,114.48101657629013,21.59078868230184
MZ,56,2015,11,35,Pre,293.68380741208733,Rocky,11,201511,5,45.3598313331604,148.84344506263733,186.4854507446289,8.412006855010986,18.52113421758016,20.229439099629722,126.68850123882294,21.151928345362343
MZ,60,2018,10,30,Pre,293.68380741208733,Rocky,10,201810,5,28.100287228822708,147.82683086395264,165.74099242687225,9.249196887016296,18.90181342760722,22.57959270477295,73.74113953113556,21.23600967725118
MZ,70,2019,12,63,Pre,293.68380741208733,Rocky,12,201912,5,75.06858968734741,166.4430274963379,75.39777112007141,7.961984435717264,18.898558060328167,20.22026054064433,165.74099242687225,22.57959270477295
MZ,60,2022,12,73,Pre,293.68380741208733,Rocky,12,202212,5,30.04305583668247,109.6466417312622,147.43522401025984,7.3247688213984175,18.878221829732258,22.020305951436363,106.25271034240723,21.755335330963135
CUL,32,2013,7,37,Pre,216.39863012156383,Rocky,07,201307,6,104.28167343139648,95.10429382324219,220.78570334116617,-0.1750606372952461,3.7337582541836634,11.369075033399794,124.64808829625447,12.37155458662245
CUL,38,2014,7,32,Pre,216.39863012156383,Rocky,07,201407,6,239.11986541748047,247.51629638671875,190.4258222579956,-0.7904350029097663,2.0776295529471502,10.469963709513346,220.78570334116617,11.369075033399794
CUL,22,2015,7,42,Pre,216.39863012156383,Rocky,07,201507,6,266.3955332438151,132.01255544026694,196.34819157918295,0.2164658705393473,3.4273265997568765,10.884680536058214,190.4258222579956,10.469963709513346
CUL,48,2016,7,NA,NA,216.39863012156383,Rocky,07,201607,6,204.6928857167562,165.02905337015787,173.64534759521484,-0.34629350817865795,3.5709579785664873,11.390562587314182,196.34819157918295,10.884680536058214
CUL,68,2017,8,66,Pre,216.39863012156383,Rocky,08,201708,6,255.60830688476563,73.75082202752431,233.85513242085776,1.0281192262967427,4.277801874611113,11.185172080993652,173.64534759521484,11.390562587314182
CUL,58,2018,8,48,Pre,216.39863012156383,Rocky,08,201808,6,89.27628135681152,174.36070569356283,127.98826630910237,1.4871365229288738,4.337766445345348,12.214156150817871,233.85513242085776,11.185172080993652
CUL,58,2019,8,38,Pre,216.39863012156383,Rocky,08,201908,6,276.9982401529948,170.92610295613608,142.0446014404297,-0.6312034080425898,2.4095381365882025,11.011185381147596,127.98826630910237,12.214156150817871
CUL,62,2020,8,40,Pre,216.39863012156383,Rocky,08,202008,6,91.71168327331543,104.39783382415771,121.22034390767415,1.4001647258798282,2.91552695300844,12.142828093634712,142.0446014404297,11.011185381147596
CUL,65,2021,7,62,Pre,216.39863012156383,Rocky,07,202107,6,194.1513064702352,124.26206906636556,240.43771362304688,0.32887800037860876,3.789231538772583,11.170323689778646,121.22034390767415,12.142828093634712
CUL,65,2022,8,35,Post,216.39863012156383,Rocky,08,202208,6,157.0609016418457,72.50453917185466,328.1959991455078,0.5600259308185842,4.590421630276574,10.687109523349339,240.43771362304688,11.170323689778646
LAT,56,2001,8,NA,NA,191.50114993644203,Rocky,08,200108,6,240.9454402923584,166.62416458129883,194.54399394989014,1.2333580255508423,1.997774600982666,11.718172391255697,207.9780044555664,12.227478663126629
LAT,85,2002,7,68,Pre,191.50114993644203,Rocky,07,200207,6,62.72853720188141,99.30280017852783,167.8525447845459,1.8948456446329753,3.8738106687863665,12.781627972920736,194.54399394989014,11.718172391255697
LAT,106,2003,7,49,Pre,191.50114993644203,Rocky,07,200307,6,206.10961151123047,237.57912635803223,174.70321083068848,0.7142492880423863,2.268477499485016,12.079269727071125,167.8525447845459,12.781627972920736
LAT,128,2004,7,53,Pre,191.50114993644203,Rocky,07,200407,6,233.34292650222778,188.27753257751465,224.81151008605957,1.894402782743176,3.550083835919698,10.71329959233602,174.70321083068848,12.079269727071125
LAT,150,2005,7,37,Pre,191.50114993644203,Rocky,07,200507,6,266.9370861053467,209.00022888183594,194.14902877807617,0.2394341578086217,2.0747315088907876,11.370814164479574,224.81151008605957,10.71329959233602
LAT,150,2006,7,60,Pre,191.50114993644203,Rocky,07,200607,6,207.2042474746704,183.84934616088867,280.61668586730957,1.94720588127772,3.8068566521008806,11.907446066538494,194.14902877807617,11.370814164479574
LAT,72,2007,7,20,Pre,191.50114993644203,Rocky,07,200707,6,243.52247619628906,221.08921813964844,289.8654727935791,1.3931100219488144,2.2905189394950867,12.07054583231608,280.61668586730957,11.907446066538494
LAT,72,2008,7,41,Pre,191.50114993644203,Rocky,07,200807,6,151.64070510864258,133.03307437896729,241.7237091064453,0.014107182621955872,4.568728501598041,11.679266134897869,289.8654727935791,12.07054583231608
LAT,90,2009,7,44,Pre,191.50114993644203,Rocky,07,200907,6,177.6236686706543,130.54168510437012,154.6455888748169,1.3557334654033184,3.7630569736162824,11.433207352956137,241.7237091064453,11.679266134897869
LAT,88,2010,7,54,Pre,191.50114993644203,Rocky,07,201007,6,222.36839294433594,241.2508659362793,170.11152458190918,0.23868388434251153,2.6551418850819273,12.473942279815674,154.6455888748169,11.433207352956137
LAT,115,2011,8,41,Pre,191.50114993644203,Rocky,08,201108,6,159.03496742248535,138.07158088684082,125.13363869956811,0.922898143529892,3.709798256556193,13.42385752995809,170.11152458190918,12.473942279815674
LAT,120,2012,7,54,Pre,191.50114993644203,Rocky,07,201207,6,141.5859079360962,247.1591854095459,161.22887992858887,2.53355594476064,2.9501018921534223,13.310974280039469,125.13363869956811,13.42385752995809
LAT,135,2013,8,26,Pre,191.50114993644203,Rocky,08,201308,6,77.02730798721313,114.89989376068115,233.22137022018433,0.6757797400156658,4.283832222223282,12.278800010681152,161.22887992858887,13.310974280039469
LAT,135,2014,7,26,Pre,191.50114993644203,Rocky,07,201407,6,241.1906509399414,282.9517593383789,229.2652473449707,-0.005801179135839163,2.491926928361257,11.458643118540445,233.22137022018433,12.278800010681152
LAT,135,2015,7,48,Pre,191.50114993644203,Rocky,07,201507,6,265.26474380493164,145.50904750823975,222.76551628112793,0.8535284629712503,3.975914239883423,11.829847176869709,229.2652473449707,11.458643118540445
LAT,92,2016,7,15,Pre,191.50114993644203,Rocky,07,201607,6,178.48005485534668,188.87980937957764,197.45279598236084,0.4962075501680374,4.080079913139343,12.376908302307129,222.76551628112793,11.829847176869709
LAT,65,2017,10,28,Pre,191.50114993644203,Rocky,10,201710,6,241.4963264465332,111.73528265953064,264.14335536956787,1.814412405093511,4.859058628479639,12.402897198994953,197.45279598236084,12.376908302307129
LAT,62,2018,7,11,Pre,191.50114993644203,Rocky,07,201807,6,85.41764736175537,197.16376304626465,158.0722246170044,2.5034159421920776,5.026340623696645,13.42315975824992,264.14335536956787,12.402897198994953
LAT,68,2019,8,26,Pre,191.50114993644203,Rocky,08,201908,6,278.36256408691406,179.37035179138184,157.72628784179688,0.15033504366874695,3.087459127108256,12.218630631764729,158.0722246170044,13.42315975824992
LAT,72,2021,7,34,Pre,191.50114993644203,Rocky,07,202107,6,220.2321252822876,138.17862701416016,263.67322158813477,1.0298107514778772,4.520051548878352,12.239467779795328,148.92308616638184,13.391865253448486
LAT,72,2022,7,39,Post,191.50114993644203,Rocky,07,202207,6,138.5698561668396,95.2522246837616,333.50780487060547,1.4137990375359855,5.310429513454437,11.91163158416748,263.67322158813477,12.239467779795328
PE,60,2000,4,NA,NA,5330.538545654474,Desert,04,200004,1,2.7683334428205013,244.46113303991464,9.047731922223019,11.2959087903683,23.00932473402757,16.159415342868904,9.87905174952287,14.512102420513447
PE,50,2001,5,NA,NA,5330.538545654474,Desert,05,200105,1,165.81544990035204,109.01259769482287,25.54922390442628,9.566556288645817,24.400448016631298,15.027510166168213,9.047731922223019,16.159415342868904
PE,28,2002,NA,NA,NA,5330.538545654474,Desert,Oct/Nov,2002Oct/Nov,1,29.07902400310223,148.8143544930678,0.03649089097374459,11.330574547633146,23.809995345580273,15.380994668373695,25.54922390442628,15.027510166168213
PE,25,2003,5,50,Pre,5330.538545654474,Desert,05,200305,1,72.24929118156433,131.5547275176415,10.818605419006557,10.266718922517239,24.00376313771957,14.501509183492416,0.03649089097374459,15.380994668373695
PE,70,2004,NA,NA,NA,5330.538545654474,Desert,May/Aug,2004May/Aug,1,39.624752193689346,57.867879991347976,80.1685152053833,11.6947320271761,25.12261032446837,15.418116343327057,10.818605419006557,14.501509183492416
PE,70,2005,11,20,Pre,5330.538545654474,Desert,11,200511,1,68.39846537663387,156.3326041148259,25.493740879572353,9.90302160458687,22.810491048372707,14.489064699564224,80.1685152053833,15.418116343327057
PE,70,2006,6,54,Pre,5330.538545654474,Desert,06,200606,1,34.78653997068222,114.33777666091919,9.052154031926948,11.800015853001522,24.43691983589759,15.84267185895871,25.493740879572353,14.489064699564224
PE,80,2007,NA,NA,NA,5330.538545654474,Desert,Jan/Aug,2007Jan/Aug,1,59.964221897857406,229.97964763641357,41.41649564412924,10.977501468780714,22.73208783223079,15.26149790103619,9.052154031926948,15.84267185895871
PE,80,2009,5,45,Pre,5330.538545654474,Desert,05,200905,1,40.40338078828958,230.49900366709784,32.620565004073654,11.348599791526794,22.73421019774217,15.424518548525297,9.508713158277365,14.371888374670958
PE,80,2010,6,50,Pre,5330.538545654474,Desert,06,201006,1,68.48504640505864,97.7018039226532,21.764279675025207,10.610586614180834,24.41427854391245,13.683963384383764,32.620565004073654,15.424518548525297
PE,98,2011,11,NA,NA,5330.538545654474,Desert,11,201111,1,31.456637238265802,186.5617172901447,0.3139493595204281,11.386151873148405,24.04313866297404,15.521172920862833,21.764279675025207,13.683963384383764
PE,122,2012,5,64,Pre,5330.538545654474,Desert,05,201205,1,99.12187007757333,151.24456196564896,15.632758315939169,10.276284766502869,24.805562581771458,15.705511411031086,0.3139493595204281,15.521172920862833
PE,112,2013,5,18,Pre,5330.538545654474,Desert,05,201305,1,24.63505751060662,120.27650994520921,9.808206886554567,12.22437089528793,24.081172881982265,15.397672304740318,15.632758315939169,15.705511411031086
PE,98,2014,5,35,Pre,5330.538545654474,Desert,05,201405,1,38.98681387756593,222.21837388552152,32.85864744810029,10.66105193663866,23.54047056344839,14.961235058613312,9.808206886554567,15.397672304740318
PE,102,2015,5,29,Pre,5330.538545654474,Desert,05,201505,1,59.54416146645179,279.2438379434439,40.851183827106766,11.669924953044989,23.451925644507774,14.645964964842186,32.85864744810029,14.961235058613312
PE,135,2016,4,73,Pre,5330.538545654474,Desert,04,201604,1,56.802349695792564,193.36835956573486,8.879488131309001,11.098894241528633,24.082243295816276,15.148373554914425,40.851183827106766,14.645964964842186
PE,140,2017,5,45,Pre,5330.538545654474,Desert,05,201705,1,72.05156692174765,183.24611810537485,7.272904828549004,12.69231065420004,23.66187069966243,16.225313443403977,8.879488131309001,15.148373554914425
PE,175,2018,10,NA,NA,5330.538545654474,Desert,10,201810,1,24.464595629618717,163.95902076134314,3.0510849264951854,13.51899758974711,23.848485151926678,16.5982228181301,7.272904828549004,16.225313443403977
PE,150,2019,5,38,Pre,5330.538545654474,Desert,05,201905,1,119.4075042284452,155.71477879010715,44.384845435619354,10.255060920348534,24.45265573110336,14.504493890664516,3.0510849264951854,16.5982228181301
PE,130,2021,5,39,Pre,5330.538545654474,Desert,05,202105,1,23.418777213646816,71.95452815752763,13.092004059527357,12.126619403178875,25.595156620710323,15.11894805614765,48.74378554845071,15.82882253940289
PE,130,2022,6,64,Pre,5330.538545654474,Desert,06,202206,1,45.187766671180725,219.05725104992206,7.465623342073881,12.047649172636179,23.553897637587326,15.409859094864283,13.092004059527357,15.11894805614765
HAT,50,2000,4,NA,NA,3278.1996311978196,Desert,04,200004,1,4.920848601205009,322.9875440325056,9.474262837001255,10.436780602591378,22.771733474731445,15.911886405944825,5.321633689098858,14.489260973249163
HAT,40,2001,10,46,Pre,3278.1996311978196,Desert,10,200110,1,126.1726656300681,113.5287378021649,16.5825895684106,9.09827027547927,24.094757752191452,14.773477490743002,9.474262837001255,15.911886405944825
HAT,40,2002,5,40,Pre,3278.1996311978196,Desert,05,200205,1,22.4232116154262,181.39089867728097,1.1341516886438643,10.832831841423397,23.56212788536435,15.23438430967785,16.5825895684106,14.773477490743002
HAT,35,2003,5,33,Pre,3278.1996311978196,Desert,05,200305,1,71.4097923380988,160.1584879193987,8.047470902697285,9.967011097499302,23.867954562959216,14.315518851507278,1.1341516886438643,15.23438430967785
HAT,40,2004,5,50,Pre,3278.1996311978196,Desert,05,200405,1,37.42426313672747,66.83598910740443,71.56149788584028,11.43671200616019,25.01579342796689,15.391848019191197,8.047470902697285,14.315518851507278
LH,28,2005,10,17,Pre,1242.7995810735513,Desert,10,200510,1,67.30131203787667,157.6803925377982,18.526095185961044,9.789147672199068,22.94193172454834,14.567167350224086,70.03087487391063,15.583558922722226
BH,18,2005,5,100,Pre,2035.398589262786,Desert,05,200505,1,81.58134024483817,197.34998639424643,26.35418420746213,9.413776374998546,22.592242225768075,14.286315993657187,72.5819132271267,15.26404075017051
LH,68,2006,6,NA,NA,1242.7995810735513,Desert,06,200606,1,31.309300933565414,99.27522420883179,3.2601953604857306,11.470391250792003,24.588708014715287,15.959265277499245,18.526095185961044,14.567167350224086
LH,58,2007,11,73,Pre,1242.7995810735513,Desert,11,200711,1,56.6897037625978,301.8428955078125,30.480656061853683,10.542559850783576,22.762603260221937,15.07371218999227,3.2601953604857306,15.959265277499245
BH,72,2007,11,NA,NA,2035.398589262786,Desert,11,200711,1,56.19424919925985,331.64491162981307,37.183919338952926,10.237123220685929,22.430564517066593,14.767094385056268,5.378439103486016,15.766019911993117
LH,62,2008,5,63,Pre,1242.7995810735513,Desert,05,200805,1,44.10288340704782,154.57064955575126,6.916342122214181,11.324749140512376,23.98892370859782,14.236066137041364,30.480656061853683,15.07371218999227
BH,68,2008,5,32,Pre,2035.398589262786,Desert,05,200805,1,61.45590244304566,190.09945315406435,6.94390732901437,11.014980565933953,23.65977632431757,13.969441156538705,37.183919338952926,14.767094385056268
LH,68,2009,5,47,Pre,1242.7995810735513,Desert,05,200905,1,30.84550670215062,220.1157237461635,18.621601605255687,10.877688691729592,22.48476064772833,15.311892554873513,6.916342122214181,14.236066137041364
BH,68,2009,5,40,Pre,2035.398589262786,Desert,05,200905,1,30.17321517353966,265.50370534261066,21.214911222507777,10.556598784431579,22.165639029608833,15.006278249952528,6.94390732901437,13.969441156538705
BH,68,2010,6,50,Pre,2035.398589262786,Desert,06,201006,1,80.49984795706612,166.9868508293515,15.015476078072208,9.990954387755622,23.958498485504634,13.240261433616517,21.214911222507777,15.006278249952528
LH,65,2010,10,35,Pre,1242.7995810735513,Desert,10,201010,1,78.2910874230521,95.36798191070557,10.162752031747784,10.30182543255034,24.297442663283576,13.643401917957124,18.621601605255687,15.311892554873513
BH,68,2011,5,56,Pre,2035.398589262786,Desert,05,201105,1,17.277042445682344,220.94955675942558,0,10.683749554649232,23.57240041097005,15.284868043566506,15.015476078072208,13.240261433616517
BH,80,2012,10,48,Pre,2035.398589262786,Desert,10,201210,1,123.9407183783395,180.6804789588565,8.605875434500561,9.465050402141753,24.45247807578435,15.087054540240576,0,15.284868043566506
LH,70,2012,10,22,Pre,1242.7995810735513,Desert,10,201210,1,114.45222166606358,148.3462794167655,6.204135639326913,9.71313344296955,24.785413832891557,15.242580550057546,0,15.442696366991315
LH,80,2013,10,48,Pre,1242.7995810735513,Desert,10,201310,1,17.77392475094114,104.33341707502093,3.5151916059133197,11.733825115930467,23.90973663330078,15.109662351154146,6.204135639326913,15.242580550057546
BH,60,2013,10,4,Pre,2035.398589262786,Desert,10,201310,1,20.760828361624764,164.76796368190222,5.051685478715674,11.51775864949302,23.568783896309988,14.892203013102213,8.605875434500561,15.087054540240576
LH,65,2014,10,18,Pre,1242.7995810735513,Desert,10,201410,1,22.137766190937587,241.43282917567663,26.610785620553152,9.98481525693621,23.44994004567464,14.734170981815883,3.5151916059133197,15.109662351154146
BH,125,2014,11,NA,NA,2035.398589262786,Desert,11,201411,1,24.213698750450497,337.26111784435454,28.2182674407959,9.841393395075723,23.12618270752922,14.503725294082884,5.051685478715674,14.892203013102213
LH,80,2015,5,31,Pre,1242.7995810735513,Desert,05,201505,1,53.63228423254831,265.4996961866106,35.64282757895334,11.233933948335194,23.430245490301225,14.268198149544853,26.610785620553152,14.734170981815883
BH,135,2015,10,32,Pre,2035.398589262786,Desert,10,201510,1,53.40784913017636,360.70437295096264,43.45340215592157,10.986231720636761,23.02003342764718,13.993346078055245,28.2182674407959,14.503725294082884
LH,100,2016,4,52,Pre,1242.7995810735513,Desert,04,201604,1,61.58949742998396,186.5628765651158,11.658422802175794,10.613493715013776,24.04624148777553,14.789344674065,35.64282757895334,14.268198149544853
BH,145,2016,4,37,Pre,2035.398589262786,Desert,04,201604,1,70.23459034874325,253.91315523783365,13.218211576583869,10.391049948949663,23.66548910595122,14.626324714176238,43.45340215592157,13.993346078055245
BH,145,2017,5,33,Pre,2035.398589262786,Desert,05,201705,1,58.82541960477829,204.63097263517835,9.987990172136398,11.807073941306463,23.26222050379193,15.756691539098346,13.218211576583869,14.626324714176238
LH,80,2017,10,27,Pre,1242.7995810735513,Desert,10,201710,1,63.62985105386802,156.31596224648612,6.733389895276299,12.064656711760021,23.54685215722947,15.93099124091012,11.658422802175794,14.789344674065
BH,125,2018,5,50,Pre,2035.398589262786,Desert,05,201805,1,33.76391149702526,224.676881699335,1.854498673777839,12.63238965897333,23.25008879767524,16.03326297941662,9.987990172136398,15.756691539098346
LH,82,2019,5,53,Pre,1242.7995810735513,Desert,05,201905,1,83.358608096838,155.5844486781529,28.23286305155073,9.821845906121391,24.380241530282156,14.257493019104004,1.6131224972861153,16.283575557527087
BH,100,2019,5,48,Pre,2035.398589262786,Desert,05,201905,1,91.23607146948399,193.06250163487024,31.732952083860123,9.656491809421116,24.03571698022267,13.996080671037946,1.854498673777839,16.03326297941662
LH,80,2021,5,26,Pre,1242.7995810735513,Desert,05,202105,1,20.642313480377197,53.58189123017447,7.288950541189739,11.339462530045282,25.27733870915004,15.144884245736257,52.837952407343046,15.656116303943453
BH,100,2021,5,47,Pre,2035.398589262786,Desert,05,202105,1,23.083233072644187,90.0510863122486,10.363611618677774,11.07897364525568,24.901336791023375,15.042368934268044,47.80536786413445,15.402722585768927
LH,55,2022,6,65,Pre,1242.7995810735513,Desert,06,202206,1,37.33625456265041,211.44988114493233,5.411550521850586,12.043561867305211,23.39049025944301,15.412470318022228,7.288950541189739,15.144884245736257
BH,100,2022,6,47,Pre,2035.398589262786,Desert,06,202206,1,51.24800961358206,265.3768855503627,5.148311819349017,12.146629742213658,23.298178627377464,15.387514704749698,10.363611618677774,15.042368934268044
FC,56,2000,10,22,Pre,1041.8472390541363,Desert,10,200010,1,13.804495811462402,225.49409217834472,40.51044738292694,10.279483652114868,23.121129163106282,16.278083419799806,24.26803274638951,14.620237731933594
FC,66,2001,10,48,Pre,1041.8472390541363,Desert,10,200110,1,107.60858883857728,67.32539467811584,25.13194214105606,8.325277280807494,24.57308400472005,15.160045464833578,40.51044738292694,16.278083419799806
FC,79,2002,8,56,Pre,1041.8472390541363,Desert,08,200208,1,15.233924841880798,120.57854824066162,18.341089797019958,10.130739545822143,23.944463793436686,16.046641794840497,25.13194214105606,15.160045464833578
FC,65,2003,5,40,Pre,1041.8472390541363,Desert,05,200305,1,46.99204416275025,174.20602569580078,3.162047144898679,9.164058677355449,24.025382486979165,15.038263416290283,18.341089797019958,16.046641794840497
FC,75,2004,5,NA,NA,1041.8472390541363,Desert,05,200405,1,42.789483250444754,71.11620244979858,70.47219326496125,10.96488478978475,25.299439493815104,15.59012966156006,3.162047144898679,15.038263416290283
FC,65,2005,5,NA,NA,1041.8472390541363,Desert,05,200505,1,73.9853627204895,128.13750686645508,55.51129150390625,8.878548685709635,23.152138964335123,14.418320846557616,70.47219326496125,15.59012966156006
FC,75,2006,5,62,Pre,1041.8472390541363,Desert,05,200605,1,21.22940950393677,88.22653913497925,5.55505678653717,10.53283298810323,24.65024210611979,16.34486525853475,55.51129150390625,14.418320846557616
FC,85,2007,10,41,Pre,1041.8472390541363,Desert,10,200710,1,71.70598282361752,270.4572071075439,72.59682116508483,9.724847388267516,22.505385971069337,14.819987901051839,5.55505678653717,16.34486525853475
FC,100,2008,5,34,Pre,1041.8472390541363,Desert,05,200805,1,28.484107625484466,108.1264492034912,12.025825500488281,10.777304522196452,24.422510655721027,14.693342590332032,72.59682116508483,14.819987901051839
FC,185,2010,6,47,Pre,1041.8472390541363,Desert,06,201006,1,38.191356563568114,136.7407253265381,40.98713490962982,9.276654370625813,23.99762109120687,13.848478110631307,39.724942278862,15.586781946818034
FC,215,2011,5,40,Pre,1041.8472390541363,Desert,05,201105,1,11.533687993884087,135.90376410484313,0.03704054057598114,11.095220581690471,24.452806981404624,16.329923152923584,40.98713490962982,13.848478110631307
FC,230,2012,5,77,Pre,1041.8472390541363,Desert,05,201205,1,88.27559280395508,109.57714500427247,12.675959533604328,8.866991674900055,25.461057090759276,16.097558212280273,0.03704054057598114,16.329923152923584
FC,250,2013,10,26,Pre,1041.8472390541363,Desert,10,201310,1,12.50555073119467,89.77133769989014,9.612811755109579,11.304096889495849,24.52448018391927,15.58817195892334,12.675959533604328,16.097558212280273
FC,231,2014,5,46,Pre,1041.8472390541363,Desert,05,201405,1,22.379330945014953,305.61132659912107,11.06830563545227,9.184051656723023,23.42497704823812,14.912206427256267,9.612811755109579,15.58817195892334
FC,245,2015,10,31,Pre,1041.8472390541363,Desert,10,201510,1,25.2379891872406,201.3422523498535,31.839886438846587,10.71183705329895,23.758517583211262,14.696823533376058,11.06830563545227,14.912206427256267
FC,305,2016,12,62,Pre,1041.8472390541363,Desert,12,201612,1,55.11630282402039,95.75668525695801,36.30609006881714,10.135025469462077,24.74987659454346,15.164240169525147,31.839886438846587,14.696823533376058
FC,325,2017,11,21,Post,1041.8472390541363,Desert,11,201711,1,65.71822957992553,131.0856451034546,12.998531866073609,11.750119241078695,24.26545524597168,16.163721593221027,36.30609006881714,15.164240169525147
FC,250,2018,11,32,Post,1041.8472390541363,Desert,11,201811,1,11.601992055028678,142.12580413818358,5.50060795545578,12.253159936269125,24.328772481282552,16.931320190429688,12.998531866073609,16.163721593221027
FC,185,2019,12,21,Post,1041.8472390541363,Desert,12,201912,1,71.0919482946396,138.8180456161499,33.97577133178711,9.435604747136434,24.825041834513346,15.118668365478516,5.50060795545578,16.931320190429688
FC,175,2020,12,48,Post,1041.8472390541363,Desert,12,202012,1,93.16868894696236,91.90816020965576,19.93686054115533,9.728583987553915,25.73944880167643,16.591740767161053,33.97577133178711,15.118668365478516
FC,170,2021,10,25,Post,1041.8472390541363,Desert,10,202110,1,18.28705574274063,81.46759986877441,15.571821177005768,11.353566296895345,25.584144020080565,15.284456888834635,19.93686054115533,16.591740767161053
CAB,30,2008,10,38,Pre,2940.387624029656,Desert,10,200810,1,27.967183323577046,144.97769391536713,8.874029621481895,11.74297402302424,25.060922582944233,15.452762484550476,72.2281533330679,15.778395066658655
CAB,53,2009,11,30,Pre,2940.387624029656,Desert,11,200911,1,22.283253651112318,296.6401769518852,37.839090932160616,11.201447521646818,23.06103088458379,16.00478673974673,8.874029621481895,15.452762484550476
CAB,62,2010,11,76,Pre,2940.387624029656,Desert,11,201011,1,56.21488933265209,148.71235018968582,42.87602252373472,10.033424397309622,24.431208709875744,14.163662433624268,37.839090932160616,16.00478673974673
CAB,70,2011,5,37,Pre,2940.387624029656,Desert,05,201105,1,13.512444216758013,181.43600451946259,0,11.438494275013605,24.70656092961629,16.65929866830508,42.87602252373472,14.163662433624268
CAB,98,2012,11,44,Pre,2940.387624029656,Desert,11,201211,1,92.46284544467926,110.48370617628098,15.174495507566462,9.316815709074339,25.905759851137798,16.39184840520223,0,16.65929866830508
CAB,110,2013,10,38,Pre,2940.387624029656,Desert,10,201310,1,14.988121297210455,83.37560302019119,7.871309649476644,11.5698873847723,24.773873190085094,15.654411365588507,15.174495507566462,16.39184840520223
CAB,110,2014,10,23,Pre,2940.387624029656,Desert,10,201410,1,29.189055509865284,276.4974067211151,24.42144251614809,9.690069019794464,23.91737844546636,15.39263034860293,7.871309649476644,15.654411365588507
CAB,135,2015,10,29,Pre,2940.387624029656,Desert,10,201510,1,30.114245399832726,267.6905895471573,36.34694017097354,11.158147692680359,24.13946070273717,15.154455165068308,24.42144251614809,15.39263034860293
CAB,155,2016,10,55,Pre,2940.387624029656,Desert,10,201610,1,79.46172533929348,137.60633599758148,35.858811885118484,10.666185334324837,25.30639284849167,15.54487070441246,36.34694017097354,15.154455165068308
CAB,180,2017,11,38,Pre,2940.387624029656,Desert,11,201711,1,75.10039246827364,168.96913358569145,10.296506833285093,12.21175384024779,24.531313558419544,16.613743325074513,35.858811885118484,15.54487070441246
CAB,215,2018,10,49,Pre,2940.387624029656,Desert,10,201810,1,22.917057678103447,173.68130159378052,5.819820357805838,12.512836640079817,24.32520878314972,17.133329143126804,10.296506833285093,16.613743325074513
CAB,245,2019,12,28,Post,2940.387624029656,Desert,12,201912,1,85.13740652427077,128.89492458105087,27.030684158205986,9.858490670720736,25.002430140972137,15.381460100412369,5.819820357805838,17.133329143126804
CAB,235,2021,5,30,Post,2940.387624029656,Desert,05,202105,1,17.606891581061063,95.05816146731377,13.310769756317313,11.647852897644043,25.57334679365158,15.701150248448053,28.317158519290388,16.20760769645373
CAB,190,2022,6,22,Post,2940.387624029656,Desert,06,202206,1,7.388116203714162,167.10227555036545,6.837192252278328,12.458688527345657,24.167348007361095,16.52210412422816,13.310769756317313,15.701150248448053
SA,60,2002,12,NA,NA,22341.127846460342,Desert,12,200212,1,21.147418139161385,114.70730078324027,11.327273493000146,10.365480393603228,23.567436699245288,15.515976675696995,27.607620138966517,14.798539872791457
SA,59,2003,12,63,Pre,22341.127846460342,Desert,12,200312,1,88.01059510396874,132.5250382091688,8.523125087195135,9.157696617513462,23.524051094055174,14.505466067963752,11.327273493000146,15.515976675696995
SA,68,2004,12,57,Pre,22341.127846460342,Desert,12,200412,1,43.601005566251764,66.58334262474723,77.91291908388553,11.22288016581881,24.4483421906181,15.08444843015809,8.523125087195135,14.505466067963752
SA,110,2005,12,NA,NA,22341.127846460342,Desert,12,200512,1,110.79725066060605,155.21764426853346,47.147611603529555,8.909089260515959,22.50799286607383,13.836856707973757,77.91291908388553,15.08444843015809
SA,75,2006,12,NA,NA,22341.127846460342,Desert,12,200612,1,53.952855219215195,119.57868684271108,9.000443964864953,10.769565921589948,24.02712322179822,16.079262740370154,47.147611603529555,13.836856707973757
SA,85,2007,8,33,Post,22341.127846460342,Desert,08,200708,1,83.85452663742977,332.5049615279488,73.84488185592319,9.730096276601156,21.738075535539267,14.351885890960693,9.000443964864953,16.079262740370154
SA,90,2008,10,25,Post,22341.127846460342,Desert,10,200810,1,38.42187710689462,179.71424799380094,5.269295546884647,10.945678594838018,23.452514938686203,14.243352992292763,73.84488185592319,14.351885890960693
SA,100,2009,12,34,Post,22341.127846460342,Desert,12,200912,1,37.87794524068418,306.03155690068786,30.717498892970138,10.469659987048827,21.581538053871927,14.863096944836602,5.269295546884647,14.243352992292763
SA,115,2010,10,29,Post,22341.127846460342,Desert,10,201010,1,76.80978183746338,166.14015716884447,31.558655195028415,9.284692980068318,23.16223032578178,13.19087030576623,30.717498892970138,14.863096944836602
SA,118,2012,10,19,Post,22341.127846460342,Desert,10,201210,1,78.36099680092023,123.46340796429178,28.583538758549995,8.721519263326257,24.509324057205863,15.430233280900596,4.3301019751344566e-16,15.572888967265254
SA,200,2015,10,14,Post,22341.127846460342,Desert,10,201510,1,35.30525228044261,242.7244085063105,59.192205447735994,10.388212593050971,22.589955708600474,13.88518802255824,17.911026701999308,14.157024155492367
SA,220,2016,10,31,Post,22341.127846460342,Desert,10,201610,1,106.90569002317346,158.01523942118106,38.35286944449611,9.982210840695146,24.03800725798676,14.34011269306791,59.192205447735994,13.88518802255824
SA,230,2017,11,27,Post,22341.127846460342,Desert,11,201711,1,72.14956954043845,157.87105262797812,33.47411945809246,11.614767064910005,23.430569715085237,15.531389048479605,38.35286944449611,14.34011269306791
SA,255,2018,10,NA,NA,22341.127846460342,Desert,10,201810,1,33.805580884659584,187.9902161805526,3.8899582479329387,11.985840682706971,23.02393252884132,15.951081327078999,33.47411945809246,15.531389048479605
SA,205,2019,10,28,Post,22341.127846460342,Desert,10,201910,1,118.74581559740979,135.99668380903162,40.358370220661165,9.069820164943087,23.653954569498698,14.061998819268268,3.8899582479329387,15.951081327078999
SA,210,2021,10,26,Post,22341.127846460342,Desert,10,202110,1,22.66649419947606,90.60164061836575,15.750035833271829,11.0971267161162,24.469662453471752,14.293333835878235,47.95054344561687,15.567106855088387
LA,24,2000,6,NA,NA,5414.725605540726,Desert,06,200006,1,13.856037824804133,218.1855973330411,58.17770345861261,7.496646233467442,21.37607527068167,13.56148050481623,55.74799433621493,12.081397784839977
LA,26,2001,10,46,Pre,5414.725605540726,Desert,10,200110,1,116.40198405872692,83.15427839539268,38.06450058330189,6.111110095544295,22.885151660803594,12.903825699199329,58.17770345861261,13.56148050481623
LA,27,2002,5,25,Pre,5414.725605540726,Desert,05,200205,1,37.42933304960077,124.77490385228937,9.888146210529587,7.843186498997789,22.221480849294952,13.447959067604758,38.06450058330189,12.903825699199329
LA,30,2003,4,73,Pre,5414.725605540726,Desert,04,200304,1,49.82142495242032,184.209693700617,20.3964543660256,6.7912540247445135,22.323757449063386,12.177337103179006,9.888146210529587,13.447959067604758
LA,30,2004,5,30,Pre,5414.725605540726,Desert,05,200405,1,61.798719026842576,67.36124258908359,89.75497184016488,8.303028240348354,23.37288880781694,13.161532407818418,20.3964543660256,12.177337103179006
LA,35,2006,6,67,Pre,5414.725605540726,Desert,06,200606,1,30.665357913246076,124.45415528037331,9.685833365808834,7.88188065182079,22.743226565736713,13.633710138725512,61.94047133705833,11.841163782639937
LA,32,2008,6,33,Pre,5414.725605540726,Desert,06,200806,1,41.586622632633556,131.42852748524058,24.260109813063966,7.8623050113067485,22.86526475386186,11.798142993811405,87.46845456903631,12.114595118435947
LA,32,2009,6,NA,NA,5414.725605540726,Desert,06,200906,1,40.01535361463373,164.05124210010877,46.43579162250865,7.751420169888121,21.609709109682026,12.96825476848718,24.260109813063966,11.798142993811405
LA,40,2010,6,70,Pre,5414.725605540726,Desert,06,201006,1,36.505803194913,121.22494501634078,56.198415608839554,6.59807381560518,22.222848187070905,11.37987236398639,46.43579162250865,12.96825476848718
LA,55,2012,9,33,Pre,5414.725605540726,Desert,09,201209,1,81.25268669561906,133.56114307750354,30.203468110344627,6.118845254905296,23.152383041381835,13.492008917259447,0.7142555680872235,13.071454331369111
LA,70,2013,9,61,Pre,5414.725605540726,Desert,09,201309,1,11.862908903857566,120.3056964527477,11.776257369735024,8.314935786796338,22.732532154430043,12.789813015677712,30.203468110344627,13.492008917259447
LA,75,2014,5,92,Pre,5414.725605540726,Desert,05,201405,1,27.573024741086094,242.89381082708186,18.438659360192037,6.405806071108038,21.82561246698553,11.899028578671542,11.776257369735024,12.789813015677712
LA,85,2016,9,NA,NA,5414.725605540726,Desert,09,201609,1,71.9596646829085,142.19218536723744,45.70875596663153,7.628333735827244,22.42779243931626,12.12127511284568,64.3913969560103,11.950656234856808
LA,115,2017,12,NA,NA,5414.725605540726,Desert,12,201712,1,80.8266399080103,117.28426517139782,39.13769991614602,9.260519857117623,22.30031489747943,13.253572024721088,45.70875596663153,12.12127511284568
LA,138,2018,5,46,Post,5414.725605540726,Desert,05,201805,1,19.521944679427875,141.0057262767445,16.232664928948264,9.525669803041401,22.479406449289034,14.041492340781472,39.13769991614602,13.253572024721088
LA,160,2019,12,NA,NA,5414.725605540726,Desert,12,201912,1,66.50088477676564,149.59431474859065,55.44691914645108,6.8073096723267525,23.00380260583126,11.974036141597864,16.232664928948264,14.041492340781472
LA,200,2021,5,24,Post,5414.725605540726,Desert,05,202105,1,31.065718442743474,112.83650832609696,38.57233184034174,7.981921464024168,23.018711309721976,12.697994093461471,27.35072793527083,13.763210487365722
LA,200,2022,6,17,Post,5414.725605540726,Desert,06,202206,1,17.92866405220289,195.81998911770907,16.906555611529548,9.212932617014104,22.559452681107956,13.427030580694025,38.57233184034174,12.697994093461471
JZ,45,2014,8,NA,NA,1351.1863651659742,Rocky,08,201408,5,34.42132676972283,249.40560319688586,145.5397160847982,6.6976377080988,16.48571948651914,19.216378176653826,99.97002385722266,19.825262988055194
JZ,68,2016,6,52,Pre,1351.1863651659742,Rocky,06,201606,5,56.87753205829196,137.77880562676324,59.60405943128798,7.237706235161534,18.369419910289622,20.387827219786466,228.7306170993381,18.444586329989964
JZ,110,2017,6,23,Pre,1351.1863651659742,Rocky,06,201706,5,67.56381585862901,135.36899500423007,85.28251436021593,8.45194125616992,17.589643707981818,20.113378401155824,59.60405943128798,20.387827219786466
JZ,130,2018,6,100,Pre,1351.1863651659742,Rocky,06,201806,5,30.35058286579119,159.94158850775824,88.92065392600165,7.5587661685767,17.315246952904594,21.546172283313894,85.28251436021593,20.113378401155824
JZ,145,2019,7,36,Pre,1351.1863651659742,Rocky,07,201907,5,108.67518287234836,169.6826524734497,94.17754178576999,6.056476388402559,17.473928115986013,18.50039635764228,88.92065392600165,21.546172283313894
JZ,176,2020,7,NA,NA,1351.1863651659742,Rocky,07,202007,5,61.66423352559408,81.65944194793701,65.52024372418721,6.642288941752027,17.759394345460116,20.996942661426687,94.17754178576999,18.50039635764228
JZ,175,2021,9,14,Pre,1351.1863651659742,Rocky,09,202109,5,32.52928297718366,60.14397546980116,126.67178037431505,5.805472144236167,18.187556266784668,20.136587972994203,65.52024372418721,20.996942661426687
